Title,Date
"Crash Landing on You: Episode 16","3/26/23"
"Crash Landing on You: Episode 15","3/26/23"
"Crash Landing on You: Episode 14","3/26/23"
"Crash Landing on You: Episode 13","3/26/23"
"Crash Landing on You: Episode 12","3/26/23"
"Crash Landing on You: Episode 11","3/26/23"
"Crash Landing on You: Episode 10","3/26/23"
"Crash Landing on You: Episode 6","3/25/23"
"Crash Landing on You: Episode 7","3/25/23"
"Crash Landing on You: Episode 5","3/25/23"
"Crash Landing on You: Episode 4","3/25/23"
"Crash Landing on You: Episode 3","3/25/23"
"Crash Landing on You: Episode 2","3/25/23"
"Romantic Killer: Ginger Ale is a Force Majeure","3/17/23"
"Romantic Killer: Goose Bumps! I Am a Goose Now","3/17/23"
"The Glory: Episode 16","3/11/23"
"The Glory: Episode 15","3/11/23"
"The Glory: Episode 14","3/11/23"
"The Glory: Episode 13","3/11/23"
"The Glory: Episode 12","3/11/23"
"The Glory: Episode 11","3/10/23"
"The Glory: Episode 10","3/10/23"
"The Glory: Episode 9","3/10/23"
"Our Beloved Summer: I Know What You Did Last Summer","2/11/23"
"The Way of the Househusband: Season 1: Episode 6","2/3/23"
"The Glory: Episode 8","1/29/23"
"The Glory: Episode 7","1/29/23"
"The Glory: Episode 6","1/28/23"
"The Glory: Episode 5","1/28/23"
"The Glory: Episode 4","1/28/23"
"The Glory: Episode 3","1/27/23"
"The Glory: Episode 2","1/27/23"
"The Glory: Episode 1","1/27/23"
"Business Proposal: Episode 1","1/27/23"
"Rilakkuma and Kaoru: Fireworks","1/26/23"
"Rilakkuma and Kaoru: Rainy Season","1/25/23"
"Rilakkuma and Kaoru: Kidnapped","1/25/23"
"Rilakkuma and Kaoru: Cherry Blossom","1/25/23"
"Komi Can't Communicate: It's just a joke. Plus more.","1/25/23"
"Komi Can't Communicate: It's just my summer uniform. Plus more.","1/25/23"
"Komi Can't Communicate: It's just a physical. Plus more.","1/25/23"
"Komi Can't Communicate: It's just stage fright. Plus more.","1/25/23"
"Komi Can't Communicate: It's just a childhood friend. Plus more.","1/25/23"
"From Me to You: Kimi ni Todoke: From Me to You: Kimi ni Todoke 2: Unrequited Love","1/24/23"
"From Me to You: Kimi ni Todoke: New Year","1/24/23"
"Romantic Killer: Last Story!?","1/24/23"
"Romantic Killer: Just Tell Me if You Don’t Like It","1/24/23"
"Romantic Killer: Other Way Around, Dummy","1/24/23"
"From Me to You: Kimi ni Todoke: Birthday","1/21/23"
"From Me to You: Kimi ni Todoke: The Two","1/10/23"
"From Me to You: Kimi ni Todoke: Christmas","1/10/23"
"From Me to You: Kimi ni Todoke: First Snow","1/8/23"
"From Me to You: Kimi ni Todoke: Present","1/8/23"
"From Me to You: Kimi ni Todoke: Dream","1/8/23"
"From Me to You: Kimi ni Todoke: Chizuru's Love","1/8/23"
"From Me to You: Kimi ni Todoke: Day Off","1/8/23"
"From Me to You: Kimi ni Todoke: Rival","1/8/23"
"From Me to You: Kimi ni Todoke: Kurumi","1/8/23"
"From Me to You: Kimi ni Todoke: Love","1/8/23"
"From Me to You: Kimi ni Todoke: Romantic Feelings","1/8/23"
"From Me to You: Kimi ni Todoke: Special?","1/7/23"
"From Me to You: Kimi ni Todoke: Working Together","1/6/23"
"From Me to You: Kimi ni Todoke: New Friend","1/6/23"
"From Me to You: Kimi ni Todoke: Voluntary Training","1/6/23"
"From Me to You: Kimi ni Todoke: Saturday Night","1/6/23"
"From Me to You: Kimi ni Todoke: Friends","1/6/23"
"From Me to You: Kimi ni Todoke: Determination","1/6/23"
"From Me to You: Kimi ni Todoke: Rumors","1/6/23"
"From Me to You: Kimi ni Todoke: After School","1/6/23"
"From Me to You: Kimi ni Todoke: Seating Change","1/6/23"
"From Me to You: Kimi ni Todoke: Prologue","1/6/23"
"Romantic Killer: You Sure Have Your Quirks...","12/20/22"
"Romantic Killer: A Reincarnated-in-Another-World Date","12/20/22"
"Romantic Killer: You're More Troublesome in Flesh and Blood","12/20/22"
"Romantic Killer: The Childhood Friend is Easy Mode","12/20/22"
"Romantic Killer: My Life Has Become a Dating Sim","12/20/22"
"Romantic Killer: It's Time for Children to Go to Sleep","12/20/22"
"Romantic Killer: Why Is there So Much Legalese in Magic!?","12/20/22"
"Komi Can't Communicate: It's just, I wish I could speak.","12/17/22"
"Business Proposal: Episode 12","12/12/22"
"Business Proposal: Episode 11","12/12/22"
"Business Proposal: Episode 10","12/12/22"
"Business Proposal: Episode 9","12/12/22"
"Business Proposal: Episode 8","12/12/22"
"Business Proposal: Episode 7","12/12/22"
"Business Proposal: Episode 6","12/12/22"
"Business Proposal: Episode 5","12/12/22"
"Business Proposal: Episode 4","12/12/22"
"Business Proposal: Episode 3","12/12/22"
"Business Proposal: Episode 2","12/12/22"
"Komi Can't Communicate: It's just White Day. Plus more.","7/19/22"
"Komi Can't Communicate: It's just ripped tights. Plus more.","7/19/22"
"Komi Can't Communicate: It's just Valentine's Day.","7/3/22"
"Komi Can't Communicate: It's just day 2 of the field trip.","6/23/22"
"Komi Can't Communicate: It's just the school field trip.","6/15/22"
"Komi Can't Communicate: It's just a misunderstanding. Plus more.","6/15/22"
"Komi Can't Communicate: It's just everyone's New Years. Plus more.","6/5/22"
"Komi Can't Communicate: It's just a snowman. Plus more.","6/5/22"
"Komi Can't Communicate: It's just a merry Christmas.","6/5/22"
"Komi Can't Communicate: It's just a feeling. Plus more.","6/5/22"
"Komi Can't Communicate: It's just a typhoon. Plus more.","6/5/22"
"Komi Can't Communicate: It's just the arrival of winter. Plus more.","6/5/22"
"Komi Can't Communicate: It's just the culture festival.","4/30/22"
"Big Time Rush: Big Time Audition","3/29/22"
"The Call","3/26/22"
"Kotaro Lives Alone: Episode 1","3/26/22"
"Hometown Cha-Cha-Cha: Episode 12","1/8/22"
"Hometown Cha-Cha-Cha: Episode 11","1/8/22"
"Hometown Cha-Cha-Cha: Episode 10","1/8/22"
"Hometown Cha-Cha-Cha: Episode 9","1/8/22"
"Hometown Cha-Cha-Cha: Episode 8","1/8/22"
"Hometown Cha-Cha-Cha: Episode 7","1/8/22"
"Hometown Cha-Cha-Cha: Episode 6","1/8/22"
"Hometown Cha-Cha-Cha: Episode 5","1/8/22"
"Hometown Cha-Cha-Cha: Episode 4","1/8/22"
"Hometown Cha-Cha-Cha: Episode 3","1/8/22"
"Hometown Cha-Cha-Cha: Episode 2","1/7/22"
"Hometown Cha-Cha-Cha: Episode 1","1/7/22"
"Komi Can't Communicate: It's just a performance for the culture festival. Plus more.","12/30/21"
"Komi Can't Communicate: It's just sports day. Plus more.","12/30/21"
"Our Beloved Summer: A Secret That Can’t Be Told","12/25/21"
"Demon Slayer: Kimetsu no Yaiba: Tanjiro Kamado, Unwavering Resolve Arc: Tsuguko, Kanao Tsuyuri","12/20/21"
"Demon Slayer: Kimetsu no Yaiba: Tanjiro Kamado, Unwavering Resolve Arc: Rehabilitation Training","12/20/21"
"Demon Slayer: Kimetsu no Yaiba: Tanjiro Kamado, Unwavering Resolve Arc: Hashira Meeting","12/20/21"
"Demon Slayer: Kimetsu no Yaiba: Tanjiro Kamado, Unwavering Resolve Arc: Master of the Mansion","12/20/21"
"Blue Period: He's Not Tanned At All","12/20/21"
"Demon Slayer: Kimetsu no Yaiba: Tanjiro Kamado, Unwavering Resolve Arc: Against Corps Rules","12/17/21"
"Demon Slayer: Kimetsu no Yaiba: Tanjiro Kamado, Unwavering Resolve Arc: Pretend Family","12/17/21"
"Komi Can't Communicate: It's just a country kid. Plus more.","12/17/21"
"Komi Can't Communicate: It's just Obon. Plus more.","12/14/21"
"Komi Can't Communicate: It's just the pool. Plus more.","12/14/21"
"My Name: Episode 8","11/8/21"
"My Name: Episode 2","10/18/21"
"My Name: Episode 1","10/18/21"
"Squid Game: Season 1: One Lucky Day","10/17/21"
"Squid Game: Season 1: Front Man","10/17/21"
"Squid Game: Season 1: VIPS","10/16/21"
"Squid Game: Season 1: Gganbu","10/16/21"
"Squid Game: Season 1: A Fair World","10/16/21"
"Squid Game: Season 1: Stick to the Team","10/16/21"
"Squid Game: Season 1: The Man with the Umbrella","10/9/21"
"Squid Game: Season 1: Hell","10/9/21"
"Squid Game: Season 1: Red Light, Green Light","10/9/21"
"Blue Period: Awakening to the Joy of Painting","10/9/21"
"Demon Slayer: Kimetsu no Yaiba: Tanjiro Kamado, Unwavering Resolve Arc: Cruelty","10/7/21"
"Hotel Del Luna: Episode 1","9/22/21"
"Vincenzo: Episode 1","8/31/21"
"Ouran High School Host Club: The Job of a High School Host!","8/30/21"
"The Ingenuity of the Househusband: Episode 2","8/30/21"
"The Ingenuity of the Househusband: Episode 1","8/30/21"
"Creating The Queen's Gambit","8/28/21"
"The Disastrous Life of Saiki K.: Season 3: Episode 2","8/28/21"
"The Disastrous Life of Saiki K.: Season 3: Episode 1","8/28/21"
"The Disastrous Life of Saiki K.: Season 1: Episode 11","8/28/21"
"The Disastrous Life of Saiki K.: Season 1: Episode 20","8/28/21"
"The Disastrous Life of Saiki K.: Season 1: Episode 19","8/28/21"
"The Disastrous Life of Saiki K.: Season 1: Episode 18","8/28/21"
"The Disastrous Life of Saiki K.: Season 2: Episode 4","8/28/21"
"The Disastrous Life of Saiki K.: Season 2: Episode 3","8/27/21"
"The Disastrous Life of Saiki K.: Season 2: Episode 2","8/27/21"
"The Disastrous Life of Saiki K.: Season 1: Episode 2","8/27/21"
"The Disastrous Life of Saiki K.: Season 1: Episode 1","8/27/21"
"The Queen's Gambit: Limited Series: End Game","8/27/21"
"Haikyu!!: He Who Is Called Ace","8/26/21"
"The Queen's Gambit: Limited Series: Adjournment","8/26/21"
"The Queen's Gambit: Limited Series: Fork","8/26/21"
"The Queen's Gambit: Limited Series: Middle Game","8/26/21"
"The Queen's Gambit: Limited Series: Doubled Pawns","8/26/21"
"The Queen's Gambit: Limited Series: Exchanges","8/26/21"
"Demon Slayer: Kimetsu no Yaiba: Tanjiro Kamado, Unwavering Resolve Arc: New Mission","8/21/21"
"Demon Slayer: Kimetsu no Yaiba: Tanjiro Kamado, Unwavering Resolve Arc: You Must Master a Single Thing","8/18/21"
"BEASTARS: Season 2: Changes","8/17/21"
"Demon Slayer: Kimetsu no Yaiba: Tanjiro Kamado, Unwavering Resolve Arc: A Forged Bond","8/17/21"
"Demon Slayer: Kimetsu no Yaiba: Tanjiro Kamado, Unwavering Resolve Arc: Letting Someone Else Go First","8/17/21"
"Demon Slayer: Kimetsu no Yaiba: Tanjiro Kamado, Unwavering Resolve Arc: Mount Natagumo","8/17/21"
"Demon Slayer: Kimetsu no Yaiba: Tanjiro Kamado, Unwavering Resolve Arc: The House with the Wisteria Family Crest","8/17/21"
"Demon Slayer: Kimetsu no Yaiba: Tanjiro Kamado, Unwavering Resolve Arc: Something More Important Than Life","8/17/21"
"Demon Slayer: Kimetsu no Yaiba: Tanjiro Kamado, Unwavering Resolve Arc: The Boar Bares Its Fangs, Zenitsu Sleeps","8/16/21"
"Demon Slayer: Kimetsu no Yaiba: Tanjiro Kamado, Unwavering Resolve Arc: Tsuzumi Mansion","8/16/21"
"Love, Death & Robots: Volume 1: ZIMA BLUE","8/7/21"
"Love, Death & Robots: Volume 1: THREE ROBOTS","8/7/21"
"Haikyu!!: Versus the Great King","6/13/21"
"Haikyu!!: An Interesting Team","6/13/21"
"Flavors of Youth: International Version","5/23/21"
"Girl from Nowhere: Season 1: Hi-So","5/10/21"
"Girl from Nowhere: Season 1: Trophy","5/10/21"
"Girl from Nowhere: Season 1: Apologies","5/10/21"
"Girl from Nowhere: Season 1: The Ugly Truth","5/10/21"
"Demon Slayer: Kimetsu no Yaiba: Tanjiro Kamado, Unwavering Resolve Arc: Hinokami","5/7/21"
"Demon Slayer: Kimetsu no Yaiba: Tanjiro Kamado, Unwavering Resolve Arc: Temari Demon and Arrow Demon","5/7/21"
"Demon Slayer: Kimetsu no Yaiba: Tanjiro Kamado, Unwavering Resolve Arc: The Smell of Enchanting Blood","5/7/21"
"Kuroko's Basketball: Season 1: Episode 7","5/6/21"
"Kuroko's Basketball: Season 1: Episode 8","5/5/21"
"Kuroko's Basketball: Season 1: Episode 6","5/5/21"
"Kuroko's Basketball: Season 1: Episode 5","5/5/21"
"Kuroko's Basketball: Season 1: Episode 4","5/5/21"
"Kuroko's Basketball: Season 1: Episode 3","5/4/21"
"Kuroko's Basketball: Season 1: Episode 2","5/3/21"
"Kuroko's Basketball: Season 1: Episode 1","5/3/21"
"Demon Slayer: Kimetsu no Yaiba: Tanjiro Kamado, Unwavering Resolve Arc: Muzan Kibutsuji","5/3/21"
"Demon Slayer: Kimetsu no Yaiba: Tanjiro Kamado, Unwavering Resolve Arc: Swordsman Accompanying a Demon","5/3/21"
"Demon Slayer: Kimetsu no Yaiba: Tanjiro Kamado, Unwavering Resolve Arc: My Own Steel","5/2/21"
"Demon Slayer: Kimetsu no Yaiba: Tanjiro Kamado, Unwavering Resolve Arc: Final Selection","5/2/21"
"Demon Slayer: Kimetsu no Yaiba: Tanjiro Kamado, Unwavering Resolve Arc: Sabito and Makomo","5/2/21"
"Demon Slayer: Kimetsu no Yaiba: Tanjiro Kamado, Unwavering Resolve Arc: Trainer Sakonji Urokodaki","5/2/21"
"Demon Slayer: Kimetsu no Yaiba: Tanjiro Kamado, Unwavering Resolve Arc: Together Forever","4/29/21"
"iCarly: Season 1: iWant a World Record","4/28/21"
"Heaven Official's Blessing: Episode 1","4/26/21"
"iCarly: Season 1: iPilot","4/26/21"
"The Way of the Househusband: Season 1: Episode 5","4/20/21"
"The Way of the Househusband: Season 1: Episode 4","4/20/21"
"The Way of the Househusband: Season 1: Episode 3","4/20/21"
"The Way of the Househusband: Season 1: Episode 2","4/20/21"
"The Way of the Househusband: Season 1: Episode 1","4/20/21"
"If Anything Happens I Love You","3/30/21"
"Violet Evergarden: Episode 1","3/30/21"
"High-Rise Invasion: I've Found a New Goal","2/28/21"
"High-Rise Invasion: I Just Don't Get This World","2/28/21"
"Sweet Home: Season 1: Episode 1","1/7/21"
"Attack on Titan: Mercy: Raid on Stohess District, Part 2","1/1/21"
"Attack on Titan: Smile: Raid on Stohess District, Part 1","1/1/21"
"Attack on Titan: The Defeated: 57th Expedition Beyond the Walls, Part 6","1/1/21"
"Attack on Titan: Crushing Blow: 57th Expedition Beyond the Walls, Part 5","1/1/21"
"Attack on Titan: Erwin Smith: 57th Expedition Beyond the Walls, Part 4","12/31/20"
"Attack on Titan: Bite: 57th Expedition Beyond the Walls, Part 3","12/31/20"
"Attack on Titan: Forest of Giant Trees: 57th Expedition Beyond the Walls, Part 2","12/31/20"
"Attack on Titan: Female Titan: 57th Expedition Beyond the Walls, Part 1","12/31/20"
"Attack on Titan: What Should be Done: Prelude to the Counterattack, Part 3","12/31/20"
"Attack on Titan: Special Operations Squad: Prelude to the Counterattack, Part 2","12/31/20"
"Attack on Titan: Still Can't See: Prelude to the Counterattack, Part 1","12/31/20"
"Attack on Titan: Primal Desires: Battle of Trost District, Part 9","12/31/20"
"Attack on Titan: Wound: Battle of Trost District, Part 8","12/31/20"
"Attack on Titan: Icon: Battle of Trost District, Part 7","12/31/20"
"Attack on Titan: Answer: Battle of Trost District, Part 6","12/31/20"
"Attack on Titan: Where the Left Arm Went: Battle of Trost District, Part 5","12/31/20"
"Attack on Titan: Hearing the Heartbeat: Battle of Trost District, Part 4","12/31/20"
"Attack on Titan: The Small Blade: Battle of Trost District, Part 3","12/30/20"
"Attack on Titan: The World She Saw: Battle of Trost District, Part 2","12/30/20"
"Attack on Titan: First Battle: Battle of Trost District, Part 1","12/30/20"
"Attack on Titan: Night of the Graduation Ceremony: Humanity Rises Again, Part 2","12/30/20"
"Attack on Titan: A Dim Light in the Darkness of Despair: Humanity Rises Again, Part 1","12/30/20"
"Attack on Titan: That Day: The Fall of Shiganshina, Part 2","12/30/20"
"Attack on Titan: To You, After 2,000 Years: The Fall of Shiganshina, Part 1","12/30/20"
"Great Pretender: Season 1: Case 2_2: Singapore Sky","12/26/20"
"Great Pretender: Season 1: Case 2_1: Singapore Sky","12/26/20"
"Great Pretender: Season 1: Case 1_5: Los Angeles Connection","12/26/20"
"Great Pretender: Season 1: Case 1_4: Los Angeles Connection","12/26/20"
"Great Pretender: Season 1: Case 1_3: Los Angeles Connection","12/26/20"
"Great Pretender: Season 1: Case 1_2: Los Angeles Connection","12/26/20"
"Great Pretender: Season 1: Case 1_1: Los Angeles Connection","12/26/20"
"Attack on Titan: Wall: Raid on Stohess District, Part 3","12/18/20"
"CLANNAD: Vol. 1: On the Hillside Path Where the Cherry Blossoms Flutter","12/8/20"
" : Episode 2","12/8/20"
"Pride & Prejudice","11/27/20"
"Toradora!: Tiger and Dragon","11/20/20"
"Maid-Sama!: The Secret of Takumi Usui Approaches!","11/12/20"
"Maid-Sama!: Usui Becomes the Enemy","11/12/20"
"Maid-Sama!: Tag at the Forest School","11/12/20"
"Haikyu!!: Haikyu!! II: Still Growing","11/3/20"
"Haikyu!!: Haikyu!! II: A Simple and Pure Strength","11/3/20"
"Haikyu!!: Haikyu!! II: Let the Games Begin!","11/3/20"
"The Queen's Gambit: Limited Series: Openings","11/3/20"
"BLACKPINK: Light Up the Sky","10/16/20"
"Haikyu!!: Haikyu!! II: Above","9/26/20"
"Haikyu!!: Haikyu!! II: Gear","9/23/20"
"Men on a Mission: 2017: Episode 24","9/20/20"
"Men on a Mission: 2019: Episode 32","9/20/20"
"Men on a Mission: 2020: Episode 12","9/19/20"
"Men on a Mission: 2020: Episode 24","9/19/20"
"Terrace House: Opening New Doors: Part 4: A Farce","9/19/20"
"Terrace House: Opening New Doors: Part 4: Confessing Love at the Chapel","9/19/20"
"Terrace House: Opening New Doors: Part 4: Declaration of War","9/19/20"
"Terrace House: Opening New Doors: Part 4: On the Night of Camp...","9/19/20"
"Terrace House: Opening New Doors: Part 4: Better Than You","9/19/20"
"Terrace House: Opening New Doors: Part 4: The Fallen Angel","9/19/20"
"Terrace House: Opening New Doors: Part 3: Kiss Out Of Nowhere","9/19/20"
"Terrace House: Opening New Doors: Part 3: Meccha Me Too","9/19/20"
"Terrace House: Opening New Doors: Part 3: Virgin","9/19/20"
"Terrace House: Opening New Doors: Part 1: Opening New Doors","9/19/20"
"Good Morning Call: Season 1: Alone at Last","9/18/20"
"Maid-Sama!: Usui's Rival?! Hinata Shintani","9/18/20"
"Barbie Princess Adventure","9/18/20"
"Maid-Sama!: The Vice President is a Prince?! Aoi & Her Fun Companions","9/16/20"
"Maid-Sama!: Footmen Through a Change of Pairs","9/16/20"
"Haikyu!!: Haikyu!! II: VS. Umbrella","9/15/20"
"Haikyu!!: Haikyu!! II: Illusionary Hero","9/15/20"
"Haikyu!!: Haikyu!! II: Moonrise","9/15/20"
"Haikyu!!: Haikyu!! II: The Former Coward's Fight","9/15/20"
"Maid-Sama!: Maid Sama is a Footman","9/15/20"
"Maid-Sama!: Maid Latte at the Beach House","9/13/20"
"Maid-Sama!: Bespectacled Rabbit at the Open Campus","9/13/20"
"Maid-Sama!: Soutarou Kano of Class 1-7","9/13/20"
"Maid-Sama!: Idiots & Juveniles & Heroes &...","9/13/20"
"Maid-Sama!: Maid Sama & the Sports Festival","9/13/20"
"March Comes in Like a Lion: Episode 1","9/12/20"
"Maid-Sama!: Sakura's Indie-Label Love","9/11/20"
"Maid-Sama!: Maid Sama Does Momotaro","9/11/20"
"Maid-Sama!: Misaki Goes to Miyabigaoka","9/11/20"
"Angel Beats!: Departure","9/10/20"
"Maid-Sama!: Enter the Student Council President of Miyabigaoka","9/8/20"
"Maid-Sama!: Men & the Ayuzawa Cram School","9/8/20"
"Haikyu!!: Haikyu!! II: The Destroyer","9/4/20"
"Haikyu!!: Haikyu!! II: Wiping Out","9/4/20"
"In This Corner of the World","9/4/20"
"A Whisker Away","9/3/20"
"Haikyu!!: Haikyu!! II: The Iron Wall Can Be Rebuilt Again and Again","8/31/20"
"Maid-Sama!: Maid-Sama at the School Festival","8/30/20"
"Maid-Sama!: Misa is a Maid-Sama!","8/30/20"
"Maid-Sama!: Hinata & Misaki & Usui","8/30/20"
"Haikyu!!: Reunion of cat and crow","8/26/20"
"Haikyu!!: Decision","8/26/20"
"Haikyu!!: Haikyu!! II: Tempo","8/19/20"
"Haikyu!!: Haikyu!! II: Declaration of War","8/19/20"
"The Disastrous Life of Saiki K.: Season 2: Episode 24","8/19/20"
"The Disastrous Life of Saiki K.: Season 2: Episode 23","8/19/20"
"The Disastrous Life of Saiki K.: Season 2: Episode 22","8/19/20"
"The Disastrous Life of Saiki K.: Season 2: Episode 21","8/19/20"
"The Disastrous Life of Saiki K.: Season 2: Episode 20","8/19/20"
"The Disastrous Life of Saiki K.: Reawakened: Reawakening Saiki Kusuo","8/18/20"
"The Disastrous Life of Saiki K.: Season 2: Episode 19","8/18/20"
"The Disastrous Life of Saiki K.: Season 2: Episode 18","8/18/20"
"The Disastrous Life of Saiki K.: Season 2: Episode 17","8/18/20"
"The Disastrous Life of Saiki K.: Season 2: Episode 16","8/18/20"
"The Disastrous Life of Saiki K.: Season 2: Episode 15","8/16/20"
"The Disastrous Life of Saiki K.: Season 2: Episode 14","8/16/20"
"The Disastrous Life of Saiki K.: Season 2: Episode 13","8/16/20"
"The Disastrous Life of Saiki K.: Season 2: Episode 12","8/16/20"
"The Disastrous Life of Saiki K.: Season 2: Episode 11","8/16/20"
"The Disastrous Life of Saiki K.: Season 2: Episode 10","8/16/20"
"The Disastrous Life of Saiki K.: Season 2: Episode 9","8/16/20"
"The Disastrous Life of Saiki K.: Season 2: Episode 8","8/15/20"
"The Disastrous Life of Saiki K.: Season 2: Episode 7","8/15/20"
"The Disastrous Life of Saiki K.: Season 2: Episode 6","8/15/20"
"The Disastrous Life of Saiki K.: Season 2: Episode 5","8/15/20"
"Haikyu!!: Haikyu!! II: The Absolute Limit Switch","8/15/20"
"The Disastrous Life of Saiki K.: Season 2: Episode 1","8/14/20"
"The Disastrous Life of Saiki K.: Reawakened: Bully Rescue! Mr. Iguchi","8/14/20"
"The Disastrous Life of Saiki K.: Reawakened: Build The Most Powerful Deck!","8/13/20"
"The Disastrous Life of Saiki K.: Reawakened: Three Men, A Little Girl, A Police Officer and A Dog","8/13/20"
"The Disastrous Life of Saiki K.: Season 1: Episode 3","8/13/20"
"Haikyu!!: The Third Day","8/12/20"
"Haikyu!!: Removing the Solitary King","8/12/20"
"Haikyu!!: Haikyu!! II: Team","8/11/20"
"Haikyu!!: Haikyu!! II: The Losers","8/9/20"
"Haikyu!!: Haikyu!! II: The Battle Without Will Power","8/5/20"
"Haikyu!!: Haikyu!! II: Next","8/5/20"
"Haikyu!!: Haikyu!! II: Place to Play","8/5/20"
"Haikyu!!: Haikyu!! II: Greed","7/29/20"
"Haikyu!!: Haikyu!! II: Center Ace","7/29/20"
"Haikyu!!: Formidable Opponents","7/29/20"
"Haikyu!!: Rival","7/29/20"
"It's Okay to Not Be Okay: The Ugly Duckling","7/28/20"
"The Disastrous Life of Saiki K.: Reawakened: Terrifying! A Disastrous Transfer Student","7/23/20"
"The Disastrous Life of Saiki K.: Reawakened: New Teacher With an Outstanding Feature","7/23/20"
"Haikyu!!: Yearning","7/22/20"
"Haikyu!!: A Toss to the Ace","7/22/20"
"It's Okay to Not Be Okay: The Girl Who Cried Wolf","7/22/20"
"It's Okay to Not Be Okay: King Donkey Ears","7/22/20"
"It's Okay to Not Be Okay: Beauty and the Beast","7/22/20"
"Haikyu!!: A Coward's Anxiety","7/21/20"
"Haikyu!!: The View from the Summit","7/20/20"
"The Disastrous Life of Saiki K.: Season 1: Episode 24","7/19/20"
"The Disastrous Life of Saiki K.: Season 1: Episode 23","7/19/20"
"The Disastrous Life of Saiki K.: Season 1: Episode 22","7/18/20"
"The Disastrous Life of Saiki K.: Season 1: Episode 21","7/18/20"
"The Disastrous Life of Saiki K.: Season 1: Episode 17","7/18/20"
"The Disastrous Life of Saiki K.: Season 1: Episode 16","7/18/20"
"The Disastrous Life of Saiki K.: Season 1: Episode 15","7/18/20"
"The Disastrous Life of Saiki K.: Season 1: Episode 14","7/18/20"
"The Disastrous Life of Saiki K.: Season 1: Episode 13","7/17/20"
"The Disastrous Life of Saiki K.: Season 1: Episode 12","7/17/20"
"The Disastrous Life of Saiki K.: Season 1: Episode 10","7/17/20"
"The Disastrous Life of Saiki K.: Season 1: Episode 9","7/17/20"
"The Disastrous Life of Saiki K.: Season 1: Episode 8","7/17/20"
"The Disastrous Life of Saiki K.: Season 1: Episode 7","7/17/20"
"The Disastrous Life of Saiki K.: Season 1: Episode 6","7/17/20"
"The Disastrous Life of Saiki K.: Season 1: Episode 5","7/17/20"
"The Disastrous Life of Saiki K.: Season 1: Episode 4","7/17/20"
"Your lie in April: Inside Spring","7/12/20"
"Your lie in April: Friend A","7/12/20"
"Your lie in April: Monotone/Colorful","7/12/20"
"Ouran High School Host Club: This is Our Ouran Fair!","7/12/20"
"Ouran High School Host Club: The Host Club Declares Dissolution!","7/12/20"
"Ouran High School Host Club: And so Kyoya Met Him!","7/12/20"
"It's Okay to Not Be Okay: The Cheerful Dog","7/12/20"
"It's Okay to Not Be Okay: Bluebeard’s Secret","7/12/20"
"It's Okay to Not Be Okay: Rapunzel and the Cursed Castle","7/12/20"
"Ouran High School Host Club: Tamaki's Unwitting Depression!","7/11/20"
"Ouran High School Host Club: Mori-senpai Has an Apprentice Candidate!","7/11/20"
"Ouran High School Host Club: Until the Day it Becomes a Pumpkin!","7/11/20"
"Ouran High School Host Club: The Door the Twins Opened!","7/11/20"
"Ouran High School Host Club: Lobelia Girls' Academy Strikes Back!","7/11/20"
"Ouran High School Host Club: Chika's 'Down with Honey' Declaration!","7/11/20"
"Ouran High School Host Club: Kyoya's Reluctant Day Out!","7/11/20"
"Ouran High School Host Club: Operation Haruhi and Hikaru's First Date!","7/11/20"
"Ouran High School Host Club: The Refreshing Battle in Karuizawa!","7/11/20"
"Ouran High School Host Club: Covering the Famous Host Club!","7/11/20"
"Ouran High School Host Club: Haruhi in Wonderland!","7/11/20"
"Ouran High School Host Club: Honey's Three Bitter Days!","7/11/20"
"Ouran High School Host Club: Big Brother is a Prince!","7/11/20"
"Ouran High School Host Club: A Day in the Life of the Fujioka Family!","7/10/20"
"Ouran High School Host Club: A Challenge from Lobelia Girls' Academy!","7/10/20"
"Ouran High School Host Club: The Sun, the Sea and the Host Club!","7/10/20"
"Ouran High School Host Club: Jungle Pool SOS!","7/10/20"
"Ouran High School Host Club: The Grade School Host is the Naughty Type!","7/10/20"
"Ouran High School Host Club: The Twins Fight!","7/10/20"
"Ouran High School Host Club: Attack of the Lady Manager!","7/10/20"
"Ouran High School Host Club: Beware the Physical Exam!","7/10/20"
"Ouran High School Host Club: Starting Today, You Are a Host!","7/10/20"
"Maid-Sama!: Lovey-Dovey Through Latte Magic","7/9/20"
"Maid-Sama!: Maid Latte & a Whole Bunch of Sweets","7/8/20"
"It's Okay to Not Be Okay: The Boy Who Fed On Nightmares","7/3/20"
"It's Okay to Not Be Okay: Zombie Kid","6/30/20"
"It's Okay to Not Be Okay: Sleeping Witch","6/30/20"
"It's Okay to Not Be Okay: The Lady In Red Shoes","6/30/20"
"Haikyu!!: Haikyu!! II: Villagers B","6/27/20"
"Haikyu!!: Haikyu!! II: Direct Sunlight","6/27/20"
"To the Bone","6/26/20"
"Haikyu!!: Haikyu!! II: Let's Go to Tokyo!!","6/25/20"
"Haikyu!!: The Point That Changes the Momentum","6/17/20"
"Haikyu!!: Evolution","6/17/20"
"Haikyu!!: Senpai's True Abilities","6/16/20"
"Haikyu!!: Oikawa Toru is not a Genius","6/16/20"
"Haikyu!!: Coaches","6/16/20"
"Haikyu!!: Guarding Your Back","6/15/20"
"Haikyu!!: The Iron Wall","6/15/20"
"Haikyu!!: Winners and Losers","6/15/20"
"Haikyu!!: The Formidable Ally","6/14/20"
"Haikyu!!: Karasuno High School Volleyball Club","6/14/20"
"Haikyu!!: The End & the Beginning","6/14/20"
"Black Butler: His Butler, Imprisoned","6/1/20"
"Black Butler: His Butler, Transmitted","6/1/20"
"Black Butler: His Butler, Offering","6/1/20"
"Black Butler: His Butler, in an Isolated Castle","6/1/20"
"Black Butler: His Butler, Competing","6/1/20"
"Black Butler: His Butler, Supremely Talented","6/1/20"
"Black Butler: His Butler, Freeloader","6/1/20"
"Black Butler: His Butler, Forlorn","6/1/20"
"Black Butler: His Butler, However You Please","6/1/20"
"Black Butler: His Butler, on Ice","5/31/20"
"Black Butler: His Butler, Phantom Image","5/31/20"
"Black Butler: His Butler, Training","5/30/20"
"Black Butler: His Butler, Merrymaking","5/30/20"
"Black Butler: His Butler, at the Funeral","5/30/20"
"Black Butler: His Butler, Chance Encounter","5/30/20"
"Haikyu!!: Revival","5/30/20"
"Black Butler: His Butler, Capricious","5/29/20"
"13TH","5/29/20"
"Black Butler: His Butler, Omnipotent","5/28/20"
"Black Butler: His Butler, Strongest","5/27/20"
"Black Butler: His Butler, Able","5/27/20"
"The King: Eternal Monarch: Episode 11","5/23/20"
"The King: Eternal Monarch: Episode 10","5/23/20"
"The K2: Episode 10","5/20/20"
"The K2: Episode 9","5/20/20"
"The K2: Episode 8","5/19/20"
"The K2: Episode 7","5/19/20"
"The K2: Episode 6","5/19/20"
"The K2: Episode 5","5/18/20"
"The K2: Episode 4","5/18/20"
"The K2: Episode 3","5/18/20"
"The K2: Episode 2","5/18/20"
"The K2: Episode 1","5/18/20"
"Vagabond: Episode 1","5/18/20"
"Crash Landing on You: Episode 9","5/17/20"
"Crash Landing on You: Episode 8","5/17/20"
"Crash Landing on You: Episode 1","5/16/20"
"The King: Eternal Monarch: Episode 9","5/16/20"
"The King: Eternal Monarch: Episode 8","5/15/20"
"The King: Eternal Monarch: Episode 7","5/14/20"
"The King: Eternal Monarch: Episode 6","5/14/20"
"The King: Eternal Monarch: Episode 5","5/14/20"
"The King: Eternal Monarch: Episode 4","5/14/20"
"The King: Eternal Monarch: Episode 3","5/13/20"
"The King: Eternal Monarch: Episode 2","5/13/20"
"The King: Eternal Monarch: Episode 1","5/13/20"
"Save Me: Episode 16","5/13/20"
"Save Me: Episode 15","5/13/20"
"Save Me: Episode 14","5/12/20"
"Save Me: Episode 13","5/12/20"
"Save Me: Episode 12","5/12/20"
"Save Me: Episode 11","5/12/20"
"Save Me: Episode 10","5/12/20"
"Save Me: Episode 9","5/12/20"
"Save Me: Episode 8","5/12/20"
"Save Me: Episode 7","5/11/20"
"Save Me: Episode 6","5/11/20"
"Save Me: Episode 5","5/11/20"
"Save Me: Episode 4","5/11/20"
"Save Me: Episode 3","5/11/20"
"Save Me: Episode 2","5/11/20"
"Save Me: Episode 1","5/11/20"
"Maid-Sama!: First Time Minding the Shop","5/11/20"
"Maid-Sama!: Net Idol Aoi","5/10/20"
"Maid-Sama!: What Color is Misaki? Natural Color?","5/10/20"
"Monthly Girls' Nozaki Kun: If This Feeling Isn't Love, Then There Is No Love in the World","5/10/20"
"Monthly Girls' Nozaki Kun: Let's Rice","5/10/20"
"Monthly Girls' Nozaki Kun: What's Strengthened Is Our Bond and Our Reins","5/10/20"
"Monthly Girls' Nozaki Kun: Do You Have Enough Excitement?","5/10/20"
"Monthly Girls' Nozaki Kun: The Prince (Girl) of the School's Problems","5/8/20"
"Monthly Girls' Nozaki Kun: The Manga Artist's Brain, Nozaki-kun","5/8/20"
"Monthly Girls' Nozaki Kun: I'll Cast a Spell on You","5/8/20"
"Monthly Girls' Nozaki Kun: The Man Who Envisions Love","5/8/20"
"Monthly Girls' Nozaki Kun: There Are Times When Men Must Fight","5/8/20"
"Monthly Girls' Nozaki Kun: Violence vs. the Prince","5/8/20"
"Monthly Girls' Nozaki Kun: Say Hello to the New Heroine","5/8/20"
"Monthly Girls' Nozaki Kun: This Love... Is Being Turned Into a Shojo Manga","5/8/20"
"Extracurricular: Episode 10","5/6/20"
"Extracurricular: Episode 9","5/5/20"
"Extracurricular: Episode 8","5/5/20"
"Extracurricular: Episode 7","5/5/20"
"Extracurricular: Episode 6","5/5/20"
"Extracurricular: Episode 5","5/5/20"
"Extracurricular: Episode 4","5/5/20"
"Extracurricular: Episode 3","5/5/20"
"Extracurricular: Episode 2","5/5/20"
"Extracurricular: Episode 1","5/5/20"
"Anne with an E: Season 1: But What Is So Headstrong as Youth?","4/27/20"
"Anne with an E: Season 1: I Am No Bird, and No Net Ensnares Me","4/27/20"
"Anne with an E: Season 1: Your Will Shall Decide Your Destiny","4/27/20"
"Victorious: Season 3: The Breakfast Bunch","4/25/20"
"Victorious: Season 3: A Christmas Tori","4/25/20"
"Victorious: Season 2: Blooptorious","4/25/20"
"Victorious: Season 2: Terror on Cupcake Street","4/25/20"
"Victorious: Season 2: Jade Gets Crushed","4/25/20"
"Dynasty: Season 1: Promises You Can’t Keep","4/25/20"
"Dynasty: Season 1: I Answer to No Man","4/25/20"
"Dynasty: Season 1: A Well Dressed Tarantula","4/25/20"
"Dynasty: Season 1: Rotten Things","4/25/20"
"Dynasty: Season 1: The Best Things in Life","4/25/20"
"Dynasty: Season 1: A Taste of Your Own Medicine","4/25/20"
"Dynasty: Season 1: I Only Exist for Me","4/24/20"
"Dynasty: Season 1: Company Slut","4/24/20"
"Dynasty: Season 1: Private as a Circus","4/24/20"
"Dynasty: Season 1: Guilt Is for Insecure People","4/23/20"
"Dynasty: Season 1: Spit It Out","4/23/20"
"Dynasty: Season 1: I Hardly Recognized You","4/23/20"
"Victorious: Season 2: Tori Tortures Teacher","4/23/20"
"Victorious: Season 2: Who Did It to Trina?","4/23/20"
"Victorious: Season 2: Helen Back Again","4/23/20"
"Victorious: Season 2: Locked Up!: Part 2","4/23/20"
"Victorious: Season 2: Locked Up!: Part 1","4/23/20"
"Victorious: Season 2: Prom Wrecker","4/23/20"
"Victorious: Season 2: Tori Gets Stuck","4/23/20"
"Victorious: Season 2: Ice Cream for Ke$ha","4/23/20"
"Victorious: Season 2: Beck Falls for Tori","4/23/20"
"Victorious: Season 2: Beggin' on Your Knees","4/23/20"
"Victorious: Season 1: Freak the Freak Out: Part 2","4/23/20"
"Victorious: Season 1: Freak the Freak Out: Part 1","4/23/20"
"Victorious: Season 1: Wi-Fi in the Sky","4/23/20"
"Victorious: Season 1: Survival of the Hottest","4/23/20"
"Victorious: Season 1: Wok Star","4/22/20"
"Victorious: Season 1: The Great Ping-Pong Scam","4/22/20"
"Victorious: Season 1: The Wood","4/22/20"
"Victorious: Season 1: Sleepover at Sikowitz's","4/20/20"
"Victorious: Season 1: Cat's New Boyfriend","4/20/20"
"Victorious: Season 1: The Diddly-Bops","4/20/20"
"Victorious: Season 1: Rex Dies","4/20/20"
"Victorious: Season 1: A Film By Dale Squires","4/20/20"
"Victorious: Season 1: Robarazzi","4/20/20"
"Victorious: Season 1: The Birthweek Song","4/20/20"
"Victorious: Season 1: Jade Dumps Beck","4/17/20"
"Victorious: Season 1: Tori the Zombie","4/17/20"
"Victorious: Season 1: Beck's Big Break","4/17/20"
"Victorious: Season 1: Stage Fighting","4/17/20"
"Meteor Garden: Episode 18","4/16/20"
"Meteor Garden: Episode 17","4/16/20"
"Meteor Garden: Episode 16","4/16/20"
"Meteor Garden: Episode 15","4/16/20"
"Meteor Garden: Episode 14","4/15/20"
"Meteor Garden: Episode 13","4/15/20"
"Meteor Garden: Episode 12","4/15/20"
"Meteor Garden: Episode 11","4/15/20"
"Meteor Garden: Episode 10","4/15/20"
"Meteor Garden: Episode 9","4/15/20"
"Meteor Garden: Episode 8","4/14/20"
"Meteor Garden: Episode 7","4/14/20"
"Meteor Garden: Episode 6","4/14/20"
"Meteor Garden: Episode 5","4/14/20"
"Meteor Garden: Episode 4","4/14/20"
"Meteor Garden: Episode 3","4/14/20"
"Meteor Garden: Episode 2","4/14/20"
"Meteor Garden: Episode 1","4/14/20"
"Spider-Man: Into the Spider-Verse","4/14/20"
"Your lie in April: Spring Wind","4/14/20"
"Your lie in April: Snow","4/14/20"
"Your lie in April: Hand In Hand","4/14/20"
"Your lie in April: Goodbye, Hero","4/14/20"
"Your lie in April: Hearts Come Together","4/14/20"
"Your lie in April: Twilight","4/14/20"
"Your lie in April: Two Of a Kind","4/13/20"
"Your lie in April: Liar","4/13/20"
"Your lie in April: Footsteps","4/13/20"
"Your lie in April: Love's Sorrow","4/13/20"
"Your lie in April: Twinkle Little Star","4/13/20"
"Your lie in April: Light Of Life","4/13/20"
"Your lie in April: The Scenery I Shared With You","4/13/20"
"Your lie in April: Resonance","4/13/20"
"Your lie in April: Let It Ring","4/13/20"
"Your lie in April: The Shadow Whispers","4/13/20"
"Your lie in April: On The Way Home","4/13/20"
"Your lie in April: Cloudy Skies","4/13/20"
"Your lie in April: The Journey","4/13/20"
"The King","4/13/20"
"Violet Evergarden: Eternity and the Auto Memory Doll","4/13/20"
"The Adderall Diaries","4/13/20"
"I Am Not Okay With This: Dear Diary...","4/13/20"
"A Silent Voice","4/13/20"
"Hi Bye, Mama!: Life is Full of Unpredictable Surprises","4/13/20"
"The Great British Baking Show: Collection 7: Cake Week","4/13/20"
"Violet Evergarden: Episode 13","4/12/20"
"Violet Evergarden: Episode 12","4/12/20"
"Violet Evergarden: Episode 11","4/12/20"
"Violet Evergarden: Episode 10","4/12/20"
"Violet Evergarden: Episode 9","4/12/20"
"Violet Evergarden: Episode 8","4/12/20"
"Violet Evergarden: Episode 7","4/12/20"
"Violet Evergarden: Episode 6","4/12/20"
"Violet Evergarden: Episode 5","4/12/20"
"Violet Evergarden: Episode 4","4/12/20"
"Violet Evergarden: Episode 3","4/12/20"
"Violet Evergarden: Episode 2","4/12/20"
"Victorious: Season 1: The Bird Scene","4/11/20"
"Victorious: Season 1: Pilot","4/11/20"
"The Incredibles 2","4/11/20"
