"Title","Date"
"Itaewon Class: Episode 12","3/20/2020"
"Ever After High: Welcome to Ever After High: Legacy Day","3/20/2020"
"Altered Carbon: Season 1: Out of the Past","3/20/2020"
"Outbreak","3/20/2020"
"The Pirate Fairy","3/19/2020"
"Barbie Dolphin Magic","3/19/2020"
"What Happened to Monday","3/19/2020"
"One More Time: Episode 1","3/18/2020"
"The Garden of Words","3/18/2020"
"The Assignment","3/18/2020"
"Spenser Confidential","3/18/2020"
"Itaewon Class: Episode 11","3/16/2020"
"Cinderella and the Four Knights: Episode 16","3/13/2020"
"Cinderella and the Four Knights: Episode 15","3/13/2020"
"Cinderella and the Four Knights: Episode 14","3/13/2020"
"Itaewon Class: Episode 10","3/13/2020"
"Itaewon Class: Episode 9","3/12/2020"
"Itaewon Class: Episode 2","3/10/2020"
"Itaewon Class: Episode 1","3/10/2020"
"Cinderella and the Four Knights: Episode 13","3/5/2020"
"Cinderella and the Four Knights: Episode 12","3/4/2020"
"Men on a Mission: 2018: Episode 43","3/3/2020"
"Busted!: Season 2: Hell of the Gods: Tartarus","3/3/2020"
"Cinderella and the Four Knights: Episode 11","3/2/2020"
"Men on a Mission: 2019: Episode 47","3/2/2020"
"Cinderella and the Four Knights: Episode 10","3/2/2020"
"Cinderella and the Four Knights: Episode 9","3/2/2020"
"Cinderella and the Four Knights: Episode 8","2/29/2020"
"Cinderella and the Four Knights: Episode 7","2/29/2020"
"Cinderella and the Four Knights: Episode 6","2/29/2020"
"Cinderella and the Four Knights: Episode 5","2/29/2020"
"Cinderella and the Four Knights: Episode 4","2/29/2020"
"Cinderella and the Four Knights: Episode 3","2/29/2020"
"Cinderella and the Four Knights: Episode 2","2/29/2020"
"Cinderella and the Four Knights: Episode 1","2/29/2020"
"Cheese in the Trap: Episode 16","2/29/2020"
"Cheese in the Trap: Episode 15","2/29/2020"
"The Bride of Habaek: Episode 16","2/20/2020"
"Inheritors: Episode 20","2/20/2020"
"Something in the Rain: Episode 16","2/20/2020"
"One Spring Night: Episode 16","2/20/2020"
"Tune in for Love","2/20/2020"
"Friday the 13th","2/18/2020"
"The Secret Life of Pets 2","2/17/2020"
"Crash Landing on You: Episode 1","2/17/2020"
"To All the Boys: P.S. I Still Love You","2/14/2020"
"Love Alarm: Season 1: The Miracle of Two People Liking Each Other","2/13/2020"
"Love Alarm: Season 1: Thereâ€™s Nothing Anyone Can Do When You Like Someone","2/13/2020"
"Men on a Mission: 2019: Episode 40","2/12/2020"
"Men on a Mission: 2017: Episode 24","2/12/2020"
"Yanxi Palace: Princess Adventures: Episode 6","2/12/2020"
