"Community: Season 1: Advanced Criminal Law","4/10/20"
"The Golden Child","10/21/21"
"The Guns of Navarone","10/21/21"
"The Guns of Navarone","13/21/21"
"The Guns of Navarone","10/22/21"
"The Guns of Navarone","11/21/21"
"The Guns of Navarone","10/21/21"
"The Guns of Navarone","0/21/21"
"Elephants Dream 4 Hour","0/21/21"
"Elizabeth at 90: A Family Tribute","0/21/21"
"Elizabeth at 90: A Family Tribute","0/21/21"
"Elizabeth Harvest","0/21/21"
"Elizabeth Harvest","0/21/21"
"Elizabeth Harvest","0/21/21"
"Elizabeth Harvest","0/21/21"
"Elizabeth Harvest","0/21/21"
"Squid Game: level2","0/14/21"
"Squid Game: level1","0/21/21"
"Squid Game: level1","9/21/21"
"Dear White People","0/21/21"
"Euphoria: level1","9/21/21"
"asflnv","2/14/21"
"asflnv","9/21/21"
"Community: Season 1: Introduction to Film", "4/10/20"
"Community: Season 1: Introduction to Film", "4/10/20"
"Community: Season 1: Introduction to Film", "4/10/20"
"Community: Season 1: Introduction to Film", "4/10/20"
"Community: Season 1: Introduction to Film", "4/10/20"
